<?xml version="1.0" encoding="UTF-8"?>
<project-private xmlns="http://www.netbeans.org/ns/project-private/1">
    <editor-bookmarks xmlns="http://www.netbeans.org/ns/editor-bookmarks/2" lastBookmarkId="0"/>
    <open-files xmlns="http://www.netbeans.org/ns/projectui-open-files/2">
        <group>
            <file>file:/C:/Users/Juice/Desktop/School-Project-Shit-n-Git/Fall%202017/CS%20271/Assignment5/Assignment5/src/assignment5/Assignment5.java</file>
            <file>file:/C:/Users/Juice/Desktop/School-Project-Shit-n-Git/Fall%202017/CS%20271/Assignment5/Assignment5/src/assignment5/Decode.java</file>
        </group>
    </open-files>
</project-private>
