{
  "transformations": [
    {
      "prob": 0.05,
      "trans_y": 1.44,
      "trans_x": -0.41,
      "rotate_scaleyy": -0.09,
      "rotate_scaleyx": 0.1,
      "rotate_scalexy": -0.18,
      "rotate_scalexx": -0.05
    },
    {
      "prob": 0.05,
      "trans_y": 0.94,
      "trans_x": -0.39,
      "rotate_scaleyy": 0.09,
      "rotate_scaleyx": 0.1,
      "rotate_scalexy": -0.18,
      "rotate_scalexx": 0.05
    },
    {
      "prob": 0.06,
      "trans_y": -1.54,
      "trans_x": -0.38,
      "rotate_scaleyy": 0.13,
      "rotate_scaleyx": 0.09,
      "rotate_scalexy": -0.19,
      "rotate_scalexx": 0.06
    },
    {
      "prob": 0.1,
      "trans_y": -0.17,
      "trans_x": 0.07,
      "rotate_scaleyy": -0.0,
      "rotate_scaleyx": 0.1,
      "rotate_scalexy": -0.4,
      "rotate_scalexx": -0.0
    },
    {
      "prob": 0.1,
      "trans_y": 0.53,
      "trans_x": 0.08,
      "rotate_scaleyy": 0.06,
      "rotate_scaleyx": 0.1,
      "rotate_scalexy": -0.41,
      "rotate_scalexx": 0.01
    },
    {
      "prob": 0.1,
      "trans_y": 0.23,
      "trans_x": 0.07,
      "rotate_scaleyy": -0.06,
      "rotate_scaleyx": 0.1,
      "rotate_scalexy": -0.41,
      "rotate_scalexx": -0.01
    },
    {
      "prob": 0.1,
      "trans_y": -0.62,
      "trans_x": 0.05,
      "rotate_scaleyy": -0.0,
      "rotate_scaleyx": 0.1,
      "rotate_scalexy": -0.4,
      "rotate_scalexx": -0.0
    },
    {
      "prob": 0.02,
      "trans_y": 0.34,
      "trans_x": -0.18,
      "rotate_scaleyy": 0.08,
      "rotate_scaleyx": 0.0,
      "rotate_scalexy": -0.0,
      "rotate_scalexx": 0.1
    },
    {
      "prob": 0.03,
      "trans_y": -0.43,
      "trans_x": -0.17,
      "rotate_scaleyy": 0.1,
      "rotate_scaleyx": 0.0,
      "rotate_scalexy": -0.0,
      "rotate_scalexx": 0.1
    },
    {
      "prob": 0.03,
      "trans_y": 1.78,
      "trans_x": 0.64,
      "rotate_scaleyy": 0.07,
      "rotate_scaleyx": -0.07,
      "rotate_scalexy": 0.07,
      "rotate_scalexx": 0.07
    },
    {
      "prob": 0.03,
      "trans_y": 2.08,
      "trans_x": -0.71,
      "rotate_scaleyy": 0.07,
      "rotate_scaleyx": -0.07,
      "rotate_scalexy": 0.07,
      "rotate_scalexx": 0.07
    },
    {
      "prob": 0.03,
      "trans_y": -1.1,
      "trans_x": -0.7,
      "rotate_scaleyy": 0.07,
      "rotate_scaleyx": -0.07,
      "rotate_scalexy": 0.07,
      "rotate_scalexx": 0.07
    },
    {
      "prob": 0.03,
      "trans_y": 1.74,
      "trans_x": -0.65,
      "rotate_scaleyy": 0.07,
      "rotate_scaleyx": 0.07,
      "rotate_scalexy": -0.07,
      "rotate_scalexx": 0.07
    },
    {
      "prob": 0.03,
      "trans_y": 2.06,
      "trans_x": 0.69,
      "rotate_scaleyy": 0.07,
      "rotate_scaleyx": 0.07,
      "rotate_scalexy": -0.07,
      "rotate_scalexx": 0.07
    },
    {
      "prob": 0.03,
      "trans_y": -1.03,
      "trans_x": 0.69,
      "rotate_scaleyy": 0.07,
      "rotate_scaleyx": 0.07,
      "rotate_scalexy": -0.07,
      "rotate_scalexx": 0.07
    },
    {
      "prob": 0.06,
      "trans_y": 1.43,
      "trans_x": 0.34,
      "rotate_scaleyy": -0.1,
      "rotate_scaleyx": -0.1,
      "rotate_scalexy": 0.21,
      "rotate_scalexx": -0.04
    },
    {
      "prob": 0.06,
      "trans_y": 0.95,
      "trans_x": 0.34,
      "rotate_scaleyy": 0.1,
      "rotate_scaleyx": -0.1,
      "rotate_scalexy": 0.2,
      "rotate_scalexx": 0.05
    },
    {
      "prob": 0.07,
      "trans_y": 1.92,
      "trans_x": 0.06,
      "rotate_scaleyy": 0.14,
      "rotate_scaleyx": 0.09,
      "rotate_scalexy": -0.25,
      "rotate_scalexx": 0.05
    },
    {
      "prob": 0.06,
      "trans_y": -1.51,
      "trans_x": 0.34,
      "rotate_scaleyy": 0.16,
      "rotate_scaleyx": -0.08,
      "rotate_scalexy": 0.2,
      "rotate_scalexx": 0.06
    }
  ],
  "name": "CHAOS"
}