{
  "transformations": [
    {
      "prob": 0.33,
      "trans_y": -3.58,
      "trans_x": -6.07,
      "rotate_scaleyy": -0.5,
      "rotate_scaleyx": 0.3,
      "rotate_scalexy": -0.3,
      "rotate_scalexx": -0.5
    },
    {
      "prob": 0.33,
      "trans_y": 3.5,
      "trans_x": 5.92,
      "rotate_scaleyy": -0.5,
      "rotate_scaleyx": 0.29,
      "rotate_scalexy": -0.29,
      "rotate_scalexx": -0.5
    },
    {
      "prob": 0.34,
      "trans_y": -0.04,
      "trans_x": -0.09,
      "rotate_scaleyy": 0.0,
      "rotate_scaleyx": 0.59,
      "rotate_scalexy": -0.59,
      "rotate_scalexx": 0.0
    }
  ],
  "name": "DAVIS"
}