{
  "transformations": [
    {
      "prob": 0.03,
      "trans_y": -2.4,
      "trans_x": -2.02,
      "rotate_scaleyy": -0.28,
      "rotate_scaleyx": -0.0,
      "rotate_scalexy": 0.06,
      "rotate_scalexx": -0.08
    },
    {
      "prob": 0.02,
      "trans_y": -3.46,
      "trans_x": -1.51,
      "rotate_scaleyy": -0.21,
      "rotate_scaleyx": -0.03,
      "rotate_scalexy": 0.2,
      "rotate_scalexx": -0.05
    },
    {
      "prob": 0.03,
      "trans_y": 2.47,
      "trans_x": 2.04,
      "rotate_scaleyy": -0.2,
      "rotate_scaleyx": -0.05,
      "rotate_scalexy": 0.23,
      "rotate_scalexx": -0.05
    },
    {
      "prob": 0.02,
      "trans_y": 3.18,
      "trans_x": 0.67,
      "rotate_scaleyy": -0.04,
      "rotate_scaleyx": -0.05,
      "rotate_scalexy": 0.3,
      "rotate_scalexx": -0.01
    },
    {
      "prob": 0.91,
      "trans_y": 0.14,
      "trans_x": 0.54,
      "rotate_scaleyy": 0.69,
      "rotate_scaleyx": -0.53,
      "rotate_scalexy": 0.52,
      "rotate_scalexx": 0.7
    }
  ],
  "name": "GALAXY"
}