{
  "transformations": [
    {
      "prob": 0.25,
      "trans_y": 0.02,
      "trans_x": 2.14,
      "rotate_scaleyy": 0.34,
      "rotate_scaleyx": 0.0,
      "rotate_scalexy": 0.0,
      "rotate_scalexx": 0.34
    },
    {
      "prob": 0.25,
      "trans_y": 0.94,
      "trans_x": 0.55,
      "rotate_scaleyy": 0.17,
      "rotate_scaleyx": -0.29,
      "rotate_scalexy": 0.29,
      "rotate_scalexx": 0.17
    },
    {
      "prob": 0.24,
      "trans_y": 0.95,
      "trans_x": -0.54,
      "rotate_scaleyy": 0.16,
      "rotate_scaleyx": 0.29,
      "rotate_scalexy": -0.29,
      "rotate_scalexx": 0.16
    },
    {
      "prob": 0.25,
      "trans_y": 0.01,
      "trans_x": -2.15,
      "rotate_scaleyy": 0.34,
      "rotate_scaleyx": 0.0,
      "rotate_scalexy": 0.0,
      "rotate_scalexx": 0.34
    }
  ],
  "name": "KOCH"
}