{
  "transformations": [
    {
      "prob": 0.05,
      "trans_y": 0.06,
      "trans_x": 1.77,
      "rotate_scaleyy": -0.16,
      "rotate_scaleyx": -0.03,
      "rotate_scalexy": 0.08,
      "rotate_scalexx": -0.31
    },
    {
      "prob": 0.09,
      "trans_y": -0.25,
      "trans_x": -0.72,
      "rotate_scaleyy": 0.23,
      "rotate_scaleyx": -0.25,
      "rotate_scalexy": 0.17,
      "rotate_scalexx": 0.25
    },
    {
      "prob": 0.22,
      "trans_y": -0.51,
      "trans_x": 1.19,
      "rotate_scaleyy": 0.32,
      "rotate_scaleyx": 0.2,
      "rotate_scalexy": -0.3,
      "rotate_scalexx": 0.58
    },
    {
      "prob": 0.01,
      "trans_y": 0.71,
      "trans_x": 0.09,
      "rotate_scaleyy": 0.26,
      "rotate_scaleyx": 0.03,
      "rotate_scalexy": -0.1,
      "rotate_scalexx": -0.06
    },
    {
      "prob": 0.03,
      "trans_y": 1.27,
      "trans_x": -0.08,
      "rotate_scaleyy": -0.26,
      "rotate_scaleyx": -0.08,
      "rotate_scalexy": 0.09,
      "rotate_scalexx": 0.17
    },
    {
      "prob": 0.13,
      "trans_y": 0.87,
      "trans_x": -1.21,
      "rotate_scaleyy": -0.2,
      "rotate_scaleyx": -0.32,
      "rotate_scalexy": 0.44,
      "rotate_scalexx": -0.03
    },
    {
      "prob": 0.01,
      "trans_y": -2.03,
      "trans_x": 1.42,
      "rotate_scaleyy": 0.05,
      "rotate_scaleyx": 0.13,
      "rotate_scalexy": -0.04,
      "rotate_scalexx": 0.14
    },
    {
      "prob": 0.05,
      "trans_y": -2.32,
      "trans_x": -0.0,
      "rotate_scaleyy": 0.13,
      "rotate_scaleyx": -0.01,
      "rotate_scalexy": 0.0,
      "rotate_scalexx": 0.4
    },
    {
      "prob": 0.16,
      "trans_y": -1.12,
      "trans_x": -1.61,
      "rotate_scaleyy": 0.17,
      "rotate_scaleyx": -0.44,
      "rotate_scalexy": 0.28,
      "rotate_scalexx": 0.32
    },
    {
      "prob": 0.06,
      "trans_y": -1.74,
      "trans_x": 0.98,
      "rotate_scaleyy": 0.2,
      "rotate_scaleyx": 0.09,
      "rotate_scalexy": -0.02,
      "rotate_scalexx": 0.3
    },
    {
      "prob": 0.01,
      "trans_y": 1.0,
      "trans_x": 2.66,
      "rotate_scaleyy": -0.03,
      "rotate_scaleyx": -0.0,
      "rotate_scalexy": -0.01,
      "rotate_scalexx": -0.12
    },
    {
      "prob": 0.04,
      "trans_y": 0.49,
      "trans_x": 2.61,
      "rotate_scaleyy": -0.2,
      "rotate_scaleyx": -0.06,
      "rotate_scalexy": -0.11,
      "rotate_scalexx": 0.16
    },
    {
      "prob": 0.02,
      "trans_y": -2.09,
      "trans_x": 0.15,
      "rotate_scaleyy": -0.1,
      "rotate_scaleyx": 0.02,
      "rotate_scalexy": -0.07,
      "rotate_scalexx": -0.21
    },
    {
      "prob": 0.01,
      "trans_y": 0.03,
      "trans_x": 0.05,
      "rotate_scaleyy": -0.14,
      "rotate_scaleyx": -0.05,
      "rotate_scalexy": 0.06,
      "rotate_scalexx": -0.03
    },
    {
      "prob": 0.01,
      "trans_y": 0.42,
      "trans_x": 0.72,
      "rotate_scaleyy": -0.12,
      "rotate_scaleyx": -0.05,
      "rotate_scalexy": 0.08,
      "rotate_scalexx": -0.02
    },
    {
      "prob": 0.01,
      "trans_y": 0.54,
      "trans_x": 0.47,
      "rotate_scaleyy": -0.17,
      "rotate_scaleyx": 0.06,
      "rotate_scalexy": 0.11,
      "rotate_scalexx": 0.05
    },
    {
      "prob": 0.02,
      "trans_y": 0.33,
      "trans_x": -0.25,
      "rotate_scaleyy": -0.21,
      "rotate_scaleyx": 0.1,
      "rotate_scalexy": 0.09,
      "rotate_scalexx": 0.05
    },
    {
      "prob": 0.08,
      "trans_y": -1.52,
      "trans_x": -0.29,
      "rotate_scaleyy": 0.18,
      "rotate_scaleyx": 0.23,
      "rotate_scalexy": 0.08,
      "rotate_scalexx": -0.35
    }
  ],
  "name": "MOUSE"
}