{
  "transformations": [
    {
      "prob": 0.01,
      "trans_y": -1.51,
      "trans_x": -0.08,
      "rotate_scaleyy": 0.59,
      "rotate_scaleyx": -0.1,
      "rotate_scalexy": 0.01,
      "rotate_scalexx": 0.02
    },
    {
      "prob": 0.01,
      "trans_y": -0.75,
      "trans_x": 0.89,
      "rotate_scaleyy": 0.32,
      "rotate_scaleyx": -0.29,
      "rotate_scalexy": 0.33,
      "rotate_scalexx": 0.28
    },
    {
      "prob": 0.01,
      "trans_y": -0.14,
      "trans_x": -1.02,
      "rotate_scaleyy": 0.35,
      "rotate_scaleyx": 0.35,
      "rotate_scalexy": -0.36,
      "rotate_scalexx": 0.33
    },
    {
      "prob": 0.01,
      "trans_y": 1.42,
      "trans_x": 0.02,
      "rotate_scaleyy": 0.59,
      "rotate_scaleyx": 0.0,
      "rotate_scalexy": 0.0,
      "rotate_scalexx": 0.57
    }
  ],
  "name": "plant"
}