{
  "transformations": [
    {
      "prob": 0.14,
      "trans_y": 12.06,
      "trans_x": -0.09,
      "rotate_scaleyy": 0.33,
      "rotate_scaleyx": 0.0,
      "rotate_scalexy": 0.0,
      "rotate_scalexx": 0.33
    },
    {
      "prob": 0.14,
      "trans_y": 0.19,
      "trans_x": 0.0,
      "rotate_scaleyy": 0.33,
      "rotate_scaleyx": 0.0,
      "rotate_scalexy": 0.0,
      "rotate_scalexx": 0.33
    },
    {
      "prob": 0.14,
      "trans_y": -5.94,
      "trans_x": 10.2,
      "rotate_scaleyy": -0.17,
      "rotate_scaleyx": -0.28,
      "rotate_scalexy": 0.28,
      "rotate_scalexx": -0.17
    },
    {
      "prob": 0.14,
      "trans_y": -11.69,
      "trans_x": 0.0,
      "rotate_scaleyy": -0.33,
      "rotate_scaleyx": 0.0,
      "rotate_scalexy": 0.0,
      "rotate_scalexx": -0.33
    },
    {
      "prob": 0.14,
      "trans_y": -5.75,
      "trans_x": -10.11,
      "rotate_scaleyy": -0.16,
      "rotate_scaleyx": 0.29,
      "rotate_scalexy": -0.29,
      "rotate_scalexx": -0.16
    },
    {
      "prob": 0.14,
      "trans_y": 5.94,
      "trans_x": 10.11,
      "rotate_scaleyy": 0.16,
      "rotate_scaleyx": -0.29,
      "rotate_scalexy": 0.29,
      "rotate_scalexx": 0.16
    },
    {
      "prob": 0.14,
      "trans_y": 5.94,
      "trans_x": -10.2,
      "rotate_scaleyy": 0.16,
      "rotate_scaleyx": 0.29,
      "rotate_scalexy": -0.29,
      "rotate_scalexx": 0.16
    }
  ],
  "name": "SEVEN"
}