<?xml version="1.0" encoding="UTF-8"?>
<project-private xmlns="http://www.netbeans.org/ns/project-private/1">
    <editor-bookmarks xmlns="http://www.netbeans.org/ns/editor-bookmarks/2" lastBookmarkId="0"/>
    <open-files xmlns="http://www.netbeans.org/ns/projectui-open-files/2">
        <group>
            <file>file:/C:/Users/ThatA/Desktop/School-Project-Shit-n-Git/Fall%202017/CS%20271/Assignment1/Assignment1/src/assignment1/Assignment1.java</file>
            <file>file:/C:/Users/ThatA/Desktop/School-Project-Shit-n-Git/Fall%202017/CS%20271/Assignment1/Assignment1/src/assignment1/VariableInput.java</file>
            <file>file:/C:/Users/ThatA/Desktop/School-Project-Shit-n-Git/Fall%202017/CS%20271/Assignment1/Assignment1/src/assignment1/EquationInputOutput.java</file>
        </group>
    </open-files>
</project-private>
